Protein_ID,Localizations,Signals,Membrane types,Cytoplasm,Nucleus,Extracellular,Cell membrane,Mitochondrion,Plastid,Endoplasmic reticulum,Lysosome/Vacuole,Golgi apparatus,Peroxisome,Peripheral,Transmembrane,Lipid anchor,Soluble
sp|P07221|CASQ1_RABIT,Endoplasmic reticulum,Signal peptide,Soluble,0.2084999978542328,0.1770000010728836,0.5127000212669373,0.16169999539852142,0.09950000047683716,0.0019000000320374966,0.7057999968528748,0.48249998688697815,0.42829999327659607,0.0013000000035390258,0.40220001339912415,0.08669999986886978,0.12809999287128448,0.8138999938964844
sp|P82413|RK19_SPIOL,Plastid,Chloroplast transit peptide,Soluble,0.09939999878406525,0.0617000013589859,0.022600000724196434,0.03590000048279762,0.2062000036239624,0.975600004196167,0.025499999523162842,0.022199999541044235,0.03929999843239784,0.10760000348091125,0.5641000270843506,0.06549999862909317,0.0625,0.6258999705314636
sp|P30952|MLS1_YEAST,Peroxisome,Peroxisomal targeting signal,Soluble,0.2732999920845032,0.15150000154972076,0.01510000042617321,0.07900000363588333,0.48809999227523804,0.005799999926239252,0.035100001841783524,0.05420000106096268,0.050700001418590546,0.9682000279426575,0.45660001039505005,0.055399999022483826,0.19200000166893005,0.7730000019073486
